Parameters,Algorithms,Value
SVM,Precision,96.875
SVM,Recall,90.27777777777779
SVM,F1 Score,93.00248138957816
SVM,Accuracy,95.0354609929078
SVM,Sensitivity,100.0
SVM,Specificity,80.55555555555556
KNN,Precision,95.65217391304348
KNN,Recall,86.11111111111111
KNN,F1 Score,89.66275659824046
KNN,Accuracy,92.90780141843972
KNN,Sensitivity,100.0
KNN,Specificity,72.22222222222221
Naive Bayes,Precision,98.13492063492065
Naive Bayes,Recall,98.13492063492065
Naive Bayes,F1 Score,98.13492063492065
Naive Bayes,Accuracy,98.58156028368793
Naive Bayes,Sensitivity,99.04761904761905
Naive Bayes,Specificity,97.22222222222221
Logistic Regression,Precision,97.2972972972973
Logistic Regression,Recall,91.66666666666667
Logistic Regression,F1 Score,94.06565656565657
Logistic Regression,Accuracy,95.74468085106383
Logistic Regression,Sensitivity,100.0
Logistic Regression,Specificity,83.33333333333334
ANN,Precision,92.53968253968254
ANN,Recall,92.53968253968254
ANN,F1 Score,92.53968253968254
ANN,Accuracy,94.32624113475178
ANN,Sensitivity,96.19047619047619
ANN,Specificity,88.88888888888889
CNN,Precision,100.0
CNN,Recall,100.0
CNN,F1 Score,100.0
CNN,Accuracy,100.0
CNN,Sensitivity,100.0
CNN,Specificity,100.0
